{"cameraMode":{"drawMode":0,"name":"Shaded","section":"Shading Mode"},"sceneLighting":true,"audioPlay":false,"sceneViewState":{"m_AlwaysRefresh":false,"showFog":true,"showSkybox":false,"showFlares":true,"showImageEffects":true,"showParticleSystems":true,"showVisualEffectGraphs":true,"m_FxEnabled":true},"in2DMode":false,"pivot":{"x":-434.12530517578127,"y":-144.78338623046876,"z":790.9003295898438},"rotation":{"x":0.00038126809522509575,"y":0.9894557595252991,"z":-0.1450004130601883,"w":0.0026740015018731357},"size":21.485204696655275,"orthographic":false}